Workbook

Sheet Raw_Data
A1: Date | B1: Order_ID | C1: Product | D1: Category | E1: Region | F1: Salesperson | G1: Quantity | H1: Unit_Price | I1: Total_Sales
A2: 46266 | B2: ORD001 | C2: Laptop | D2: Electronics | E2: North | F2: Aman | G2: 2 | H2: 45000 | I2: =G2*H2 -> 90000
A3: 46266 | B3: ORD002 | C3: Mouse | D3: Electronics | E3: South | F3: Riya | G3: 5 | H3: 800 | I3: =G3*H3 -> 4000
A4: 46267 | B4: ORD003 | C4: Keyboard | D4: Electronics | E4: West | F4: Arjun | G4: 3 | H4: 1500 | I4: =G4*H4 -> 4500
A5: 46267 | B5: ORD004 | C5: Office Chair | D5: Furniture | E5: North | F5: Neha | G5: 2 | H5: 6500 | I5: =G5*H5 -> 13000
A6: 46268 | B6: ORD005 | C6: Desk | D6: Furniture | E6: East | F6: Aman | G6: 1 | H6: 9000 | I6: =G6*H6 -> 9000
A7: 46268 | B7: ORD006 | C7: Monitor | D7: Electronics | E7: South | F7: Riya | G7: 2 | H7: 12000 | I7: =G7*H7 -> 24000
A8: 46269 | B8: ORD007 | C8: Headphones | D8: Electronics | E8: West | F8: Arjun | G8: 4 | H8: 2500 | I8: =G8*H8 -> 10000
A9: 46270 | B9: ORD008 | C9: Printer | D9: Electronics | E9: North | F9: Neha | G9: 1 | H9: 18000 | I9: =G9*H9 -> 18000
A10: 46271 | B10: ORD009 | C10: Notebook | D10: Stationery | E10: East | F10: Aman | G10: 10 | H10: 200 | I10: =G10*H10 -> 2000
A11: 46272 | B11: ORD010 | C11: Pen | D11: Stationery | E11: South | F11: Riya | G11: 20 | H11: 50 | I11: =G11*H11 -> 1000
A12: 46273 | B12: ORD011 | C12: Laptop | D12: Electronics | E12: West | F12: Arjun | G12: 1 | H12: 45000 | I12: =G12*H12 -> 45000
A13: 46274 | B13: ORD012 | C13: Office Chair | D13: Furniture | E13: North | F13: Neha | G13: 3 | H13: 6500 | I13: =G13*H13 -> 19500
... A19: 46280 | B19: ORD018 | C19: Headphones | D19: Electronics | E19: South | F19: Riya | G19: 3 | H19: 2500 | I19: =G19*H19 -> 7500

Sheet Summary
A1: SALES TRACKER DASHBOARD
A3: SELECTED DATE: | B3: 46280
A5: DAILY SALES | C5: WEEKLY SALES | E5: MONTHLY SALES | G5: TOTAL SALES
A6: =SUMIFS(Raw_Data!I:I,Raw_Data!A:A,B3) -> 7500 | C6: =SUMIFS(Raw_Data!I:I,Raw_Data!A:A,">="&B3-WEEKDAY(B3,2)+1,Raw_Data!A:A,"<="&B3-WEEKDAY(B3,2)+7) -> 13900 | E6: =SUMIFS(Raw_Data!I:I,Raw_Data!A:A,">="&EOMONTH(B3,-1)+1,Raw_Data!A:A,"<="&EOMONTH(B3,0)) -> 351400 | G6: =SUM(Raw_Data!I2:I1000) -> 351400
A9: DATE | B9: SALES | D9: MANUAL VERIFICATION
A10: 46266 | B10: =SUMIFS(Raw_Data!$I:$I,Raw_Data!$A:$A,A10) -> 94000 | D10: Formula Total | E10: =SUM(Raw_Data!I2:I1000) -> 351400
A11: 46267 | B11: =SUMIFS(Raw_Data!$I:$I,Raw_Data!$A:$A,A11) -> 17500 | D11: Manual Total | E11: =90000+4000+4500+13000+9000+24000+10000+18000+2000+1000+45000+19500+18000+36000+7500+36000+6400+7500 -> 351400
A12: 46268 | B12: =SUMIFS(Raw_Data!$I:$I,Raw_Data!$A:$A,A12) -> 33000 | D12: Verification Status | E12: =IF(E10=E11,"MATCH ✓","CHECK") -> MATCH ✓
A13: 46269 | B13: =SUMIFS(Raw_Data!$I:$I,Raw_Data!$A:$A,A13) -> 10000
A14: 46270 | B14: =SUMIFS(Raw_Data!$I:$I,Raw_Data!$A:$A,A14) -> 18000
A15: 46271 | B15: =SUMIFS(Raw_Data!$I:$I,Raw_Data!$A:$A,A15) -> 2000
A16: 46272 | B16: =SUMIFS(Raw_Data!$I:$I,Raw_Data!$A:$A,A16) -> 1000
A17: 46273 | B17: =SUMIFS(Raw_Data!$I:$I,Raw_Data!$A:$A,A17) -> 45000
A18: 46274 | B18: =SUMIFS(Raw_Data!$I:$I,Raw_Data!$A:$A,A18) -> 19500
A19: 46275 | B19: =SUMIFS(Raw_Data!$I:$I,Raw_Data!$A:$A,A19) -> 18000
A20: 46276 | B20: =SUMIFS(Raw_Data!$I:$I,Raw_Data!$A:$A,A20) -> 36000
A21: 46277 | B21: =SUMIFS(Raw_Data!$I:$I,Raw_Data!$A:$A,A21) -> 7500
A22: 46278 | B22: =SUMIFS(Raw_Data!$I:$I,Raw_Data!$A:$A,A22) -> 36000
A23: 46279 | B23: =SUMIFS(Raw_Data!$I:$I,Raw_Data!$A:$A,A23) -> 6400
A24: 46280 | B24: =SUMIFS(Raw_Data!$I:$I,Raw_Data!$A:$A,A24) -> 7500
